"Symbol","Series","Date","Prev Close","Open Price","High Price","Low Price","Last Price","Close Price","Average Price","Total Traded Quantity","Turnover","No. of Trades","Deliverable Qty","% Dly Qt to Traded Qty"
"BAJAJHLDNG","EQ","09-Feb-2018","       2709.75","       2651.10","       2704.95","       2631.00","       2695.00","       2693.80","       2685.89","       6149","            16515514.75","       1494","       3814","         62.03"
"BAJAJHLDNG","EQ","12-Feb-2018","       2693.80","       2682.05","       2715.00","       2682.05","       2686.15","       2689.90","       2691.79","      11220","            30201907.30","        719","      10220","         91.09"
"BAJAJHLDNG","EQ","14-Feb-2018","       2689.90","       2708.90","       2785.00","       2700.10","       2755.00","       2743.40","       2727.52","      33172","            90477329.45","       1738","      30307","         91.36"
"BAJAJHLDNG","EQ","15-Feb-2018","       2743.40","       2757.00","       2759.95","       2727.65","       2750.00","       2749.25","       2749.11","      43980","           120905867.20","       3267","      40741","         92.64"
"BAJAJHLDNG","EQ","16-Feb-2018","       2749.25","       2732.05","       2750.00","       2728.00","       2745.00","       2738.10","       2739.47","       9992","            27372825.40","       1519","       8295","         83.02"
"BAJAJHLDNG","EQ","19-Feb-2018","       2738.10","       2750.00","       2750.00","       2714.85","       2735.00","       2722.75","       2725.00","      18968","            51687787.05","       1672","      17900","         94.37"
"BAJAJHLDNG","EQ","20-Feb-2018","       2722.75","       2735.00","       2755.00","       2700.00","       2721.00","       2723.15","       2719.71","      10366","            28192480.50","       3806","       7457","         71.94"
"BAJAJHLDNG","EQ","21-Feb-2018","       2723.15","       2702.50","       2735.00","       2702.50","       2735.00","       2718.65","       2712.95","      19881","            53936140.05","       6754","      18016","         90.62"
"BAJAJHLDNG","EQ","22-Feb-2018","       2718.65","       2718.80","       2723.85","       2700.00","       2715.00","       2712.95","       2711.81","       9829","            26654369.55","       2372","       7470","         76.00"
"BAJAJHLDNG","EQ","23-Feb-2018","       2712.95","       2714.20","       2739.95","       2710.00","       2739.95","       2737.10","       2733.28","       2975","             8131508.30","        790","       1691","         56.84"
"BAJAJHLDNG","EQ","26-Feb-2018","       2737.10","       2758.95","       2767.45","       2722.95","       2736.00","       2736.30","       2738.70","       8308","            22753126.35","       1502","       6356","         76.50"
"BAJAJHLDNG","EQ","27-Feb-2018","       2736.30","       2726.00","       2763.00","       2726.00","       2730.10","       2737.40","       2739.84","       6449","            17669204.40","       1429","       4661","         72.27"
"BAJAJHLDNG","EQ","28-Feb-2018","       2737.40","       2734.00","       2734.00","       2710.05","       2720.00","       2723.55","       2724.02","       2512","             6842750.20","        677","       1639","         65.25"
"BAJAJHLDNG","EQ","01-Mar-2018","       2723.55","       2736.00","       2750.00","       2710.00","       2739.00","       2720.65","       2718.96","      10466","            28456679.30","       1655","       8789","         83.98"
"BAJAJHLDNG","EQ","05-Mar-2018","       2720.65","       2711.00","       2742.45","       2711.00","       2721.00","       2720.60","       2727.20","      18141","            49474090.35","       3924","      15097","         83.22"
"BAJAJHLDNG","EQ","06-Mar-2018","       2720.60","       2720.60","       2955.00","       2720.60","       2759.95","       2761.35","       2848.32","      54499","           155230675.10","       9512","      12805","         23.50"
"BAJAJHLDNG","EQ","07-Mar-2018","       2761.35","       2780.00","       2780.00","       2725.00","       2736.35","       2733.60","       2734.52","       8348","            22827765.75","       1093","       4927","         59.02"
"BAJAJHLDNG","EQ","08-Mar-2018","       2733.60","       2708.60","       2757.45","       2708.60","       2729.55","       2727.75","       2729.43","      10762","            29374098.80","        990","      10027","         93.17"
"BAJAJHLDNG","EQ","09-Mar-2018","       2727.75","       2739.95","       2749.95","       2719.95","       2725.20","       2728.80","       2729.71","       3598","             9821501.60","        518","       2778","         77.21"
"BAJAJHLDNG","EQ","12-Mar-2018","       2728.80","       2763.85","       2763.85","       2723.40","       2730.00","       2745.35","       2746.78","      63508","           174442287.75","       1069","      62132","         97.83"
"BAJAJHLDNG","EQ","13-Mar-2018","       2745.35","       2735.05","       2743.80","       2704.00","       2705.00","       2706.30","       2716.70","       8989","            24420386.60","       2174","       6650","         73.98"
"BAJAJHLDNG","EQ","14-Mar-2018","       2706.30","       2701.00","       2716.00","       2680.00","       2686.20","       2684.05","       2705.62","      16204","            43841829.85","       1396","      14370","         88.68"
"BAJAJHLDNG","EQ","15-Mar-2018","       2684.05","       2710.00","       2753.85","       2689.00","       2750.00","       2729.75","       2717.23","      37650","           102303849.60","       2311","      33089","         87.89"
"BAJAJHLDNG","EQ","16-Mar-2018","       2729.75","       2755.00","       2755.00","       2565.00","       2599.00","       2602.50","       2663.04","      58527","           155860013.35","       8400","      49551","         84.66"
"BAJAJHLDNG","EQ","19-Mar-2018","       2602.50","       2633.00","       2633.00","       2522.25","       2522.30","       2531.90","       2569.32","       9005","            23136762.65","       2263","       5237","         58.16"
"BAJAJHLDNG","EQ","20-Mar-2018","       2531.90","       2525.00","       2555.00","       2522.25","       2549.00","       2543.75","       2540.86","       5301","            13469096.20","       1965","       3127","         58.99"
"BAJAJHLDNG","EQ","21-Mar-2018","       2543.75","       2539.05","       2563.00","       2522.25","       2523.25","       2533.70","       2543.30","       9441","            24011321.80","       2577","       6736","         71.35"
"BAJAJHLDNG","EQ","22-Mar-2018","       2533.70","       2534.90","       2548.95","       2517.65","       2545.00","       2527.45","       2528.10","       3243","             8198615.90","        616","       2250","         69.38"
"BAJAJHLDNG","EQ","23-Mar-2018","       2527.45","       2501.00","       2538.00","       2501.00","       2537.00","       2530.20","       2521.66","      13683","            34503841.60","       1832","      11830","         86.46"
"BAJAJHLDNG","EQ","26-Mar-2018","       2530.20","       2511.05","       2712.75","       2511.05","       2620.00","       2665.05","       2583.30","      29315","            75729374.20","       3646","      22570","         76.99"
"BAJAJHLDNG","EQ","27-Mar-2018","       2665.05","       2669.70","       2673.90","       2613.15","       2620.00","       2620.75","       2630.18","       9121","            23989916.05","       1694","       5994","         65.72"
"BAJAJHLDNG","EQ","28-Mar-2018","       2620.75","       2614.00","       2690.00","       2520.00","       2675.00","       2664.50","       2616.15","      17847","            46690509.45","       3975","       9430","         52.84"
"BAJAJHLDNG","EQ","02-Apr-2018","       2664.50","       2657.50","       2672.15","       2580.05","       2620.00","       2622.85","       2626.08","      12403","            32571209.05","       2959","       7937","         63.99"
"BAJAJHLDNG","EQ","03-Apr-2018","       2622.85","       2600.05","       2635.00","       2592.05","       2635.00","       2621.75","       2624.16","       2516","             6602382.00","        630","       1427","         56.72"
"BAJAJHLDNG","EQ","04-Apr-2018","       2621.75","       2634.00","       2649.00","       2605.00","       2620.00","       2617.70","       2626.06","       5817","            15275810.30","       1087","       3881","         66.72"
"BAJAJHLDNG","EQ","05-Apr-2018","       2617.70","       2634.00","       2636.00","       2612.10","       2624.80","       2624.50","       2627.31","      30267","            79520915.55","        972","      27912","         92.22"
"BAJAJHLDNG","EQ","06-Apr-2018","       2624.50","       2645.00","       2647.00","       2626.00","       2645.70","       2641.10","       2630.31","      63025","           165775186.75","       1047","      61217","         97.13"
"BAJAJHLDNG","EQ","09-Apr-2018","       2641.10","       2667.00","       2667.00","       2613.50","       2622.00","       2640.15","       2643.12","       3757","             9930208.85","        893","       2733","         72.74"
"BAJAJHLDNG","EQ","10-Apr-2018","       2640.15","       2632.05","       2649.00","       2598.95","       2623.00","       2631.90","       2614.90","       6541","            17104063.60","        931","       4516","         69.04"
"BAJAJHLDNG","EQ","11-Apr-2018","       2631.90","       2638.95","       2650.05","       2602.35","       2642.75","       2629.75","       2631.40","      24319","            63993042.15","       1033","      21510","         88.45"
"BAJAJHLDNG","EQ","12-Apr-2018","       2629.75","       2629.00","       2650.00","       2629.00","       2639.00","       2636.30","       2643.39","       1831","             4840046.30","        292","       1243","         67.89"
"BAJAJHLDNG","EQ","13-Apr-2018","       2636.30","       2658.80","       2658.80","       2630.00","       2635.00","       2636.30","       2642.14","       2070","             5469232.60","        377","       1494","         72.17"
"BAJAJHLDNG","EQ","16-Apr-2018","       2636.30","       2640.80","       2654.00","       2626.20","       2640.00","       2641.45","       2642.36","       2912","             7694561.90","        908","       1792","         61.54"
"BAJAJHLDNG","EQ","17-Apr-2018","       2641.45","       2640.00","       2655.00","       2640.00","       2655.00","       2649.30","       2649.07","       2665","             7059776.60","        409","       2241","         84.09"
"BAJAJHLDNG","EQ","18-Apr-2018","       2649.30","       2659.95","       2659.95","       2640.00","       2650.00","       2647.55","       2649.35","       8254","            21867756.15","        529","       7526","         91.18"
"BAJAJHLDNG","EQ","19-Apr-2018","       2647.55","       2649.00","       2650.40","       2611.25","       2616.00","       2620.25","       2640.68","       4887","            12904981.05","        703","       4009","         82.03"
"BAJAJHLDNG","EQ","20-Apr-2018","       2620.25","       2625.00","       2635.05","       2611.20","       2620.00","       2620.95","       2620.27","       4364","            11434880.00","        964","       3216","         73.69"
"BAJAJHLDNG","EQ","23-Apr-2018","       2620.95","       2605.05","       2621.65","       2600.00","       2600.35","       2602.40","       2605.07","       6957","            18123439.40","       1400","       5538","         79.60"
"BAJAJHLDNG","EQ","24-Apr-2018","       2602.40","       2602.40","       2640.85","       2602.40","       2635.00","       2625.65","       2620.43","      23508","            61601058.40","       3213","      15745","         66.98"
"BAJAJHLDNG","EQ","25-Apr-2018","       2625.65","       2626.55","       2646.00","       2620.55","       2627.00","       2629.45","       2627.00","      13103","            34421541.35","        859","      11796","         90.03"
"BAJAJHLDNG","EQ","26-Apr-2018","       2629.45","       2653.70","       2653.70","       2612.30","       2626.00","       2625.70","       2626.20","      26690","            70093297.60","       2372","      25401","         95.17"
"BAJAJHLDNG","EQ","27-Apr-2018","       2625.70","       2611.10","       2658.00","       2611.10","       2650.00","       2645.95","       2624.72","      59293","           155627491.55","       1139","      23980","         40.44"
"BAJAJHLDNG","EQ","30-Apr-2018","       2645.95","       2645.00","       2735.00","       2645.00","       2700.00","       2705.65","       2700.88","      10759","            29058720.35","       2055","       6800","         63.20"
"BAJAJHLDNG","EQ","02-May-2018","       2705.65","       2705.65","       2719.70","       2676.00","       2700.00","       2700.00","       2699.89","      11714","            31626481.65","       1109","       9847","         84.06"
"BAJAJHLDNG","EQ","03-May-2018","       2700.00","       2674.30","       2709.80","       2652.85","       2709.80","       2679.75","       2679.28","      26679","            71480500.90","       1321","      24958","         93.55"
"BAJAJHLDNG","EQ","04-May-2018","       2679.75","       2653.05","       2696.15","       2648.05","       2680.00","       2665.35","       2656.46","       6282","            16687881.50","       1227","       4630","         73.70"
"BAJAJHLDNG","EQ","07-May-2018","       2665.35","       2658.05","       2684.70","       2651.20","       2680.00","       2678.40","       2672.62","       4474","            11957319.10","        613","       3252","         72.69"
"BAJAJHLDNG","EQ","08-May-2018","       2678.40","       2689.50","       2689.50","       2651.00","       2662.00","       2661.65","       2661.01","      27393","            72892914.65","       5051","      24070","         87.87"
"BAJAJHLDNG","EQ","09-May-2018","       2661.65","       2650.00","       2657.00","       2641.00","       2650.00","       2650.15","       2650.07","      11316","            29988159.35","       1302","       9734","         86.02"
"BAJAJHLDNG","EQ","10-May-2018","       2650.15","       2641.05","       2654.90","       2641.05","       2650.00","       2649.95","       2650.04","       7487","            19840830.80","        371","       7076","         94.51"
"BAJAJHLDNG","EQ","11-May-2018","       2649.95","       2650.15","       2656.10","       2641.00","       2652.95","       2651.80","       2650.94","       1889","             5007627.40","        418","       1578","         83.54"
"BAJAJHLDNG","EQ","14-May-2018","       2651.80","       2680.00","       2680.00","       2610.25","       2612.50","       2614.40","       2622.33","       6753","            17708585.45","        659","       5388","         79.79"
"BAJAJHLDNG","EQ","15-May-2018","       2614.40","       2638.80","       2638.80","       2599.95","       2635.00","       2633.80","       2624.07","      15276","            40085322.85","        973","      12168","         79.65"
"BAJAJHLDNG","EQ","16-May-2018","       2633.80","       2620.85","       2648.60","       2572.05","       2635.00","       2635.10","       2613.41","       3006","             7855906.50","        729","       1707","         56.79"
"BAJAJHLDNG","EQ","17-May-2018","       2635.10","       2612.85","       2756.00","       2605.50","       2717.90","       2730.35","       2715.11","      14209","            38578987.00","       2003","       6072","         42.73"
"BAJAJHLDNG","EQ","18-May-2018","       2730.35","       2730.35","       2849.95","       2725.00","       2752.10","       2762.30","       2800.98","      59428","           166456450.15","      10015","      17840","         30.02"
"BAJAJHLDNG","EQ","21-May-2018","       2762.30","       2762.05","       2763.70","       2690.00","       2710.00","       2721.55","       2712.04","       7388","            20036524.15","       1408","       4158","         56.28"
"BAJAJHLDNG","EQ","22-May-2018","       2721.55","       2710.00","       2920.00","       2710.00","       2865.00","       2875.00","       2857.43","     763720","          2182280035.95","       6431","     726050","         95.07"
"BAJAJHLDNG","EQ","23-May-2018","       2875.00","       2852.55","       2920.20","       2783.60","       2860.00","       2861.80","       2894.76","     295868","           856467080.40","       3892","     278036","         93.97"
"BAJAJHLDNG","EQ","24-May-2018","       2861.80","       2831.15","       2858.60","       2758.75","       2780.00","       2773.80","       2792.83","       9693","            27070881.40","       1518","       3871","         39.94"
"BAJAJHLDNG","EQ","25-May-2018","       2773.80","       2780.00","       2848.00","       2771.20","       2791.00","       2795.30","       2807.05","      10367","            29100729.20","       1779","       3500","         33.76"
"BAJAJHLDNG","EQ","28-May-2018","       2795.30","       2791.05","       2840.00","       2780.00","       2785.05","       2790.20","       2802.28","       7047","            19747674.15","       1122","       3699","         52.49"
"BAJAJHLDNG","EQ","29-May-2018","       2790.20","       2811.80","       2811.80","       2755.00","       2770.00","       2766.05","       2777.83","       3554","             9872406.30","        967","       1655","         46.57"
"BAJAJHLDNG","EQ","30-May-2018","       2766.05","       2750.10","       2824.80","       2730.05","       2762.00","       2763.75","       2782.70","      10298","            28656267.60","       1841","       4000","         38.84"
"BAJAJHLDNG","EQ","31-May-2018","       2763.75","       2797.00","       2815.00","       2760.40","       2770.80","       2769.95","       2782.64","       9574","            26641009.85","       1513","       4584","         47.88"
"BAJAJHLDNG","EQ","01-Jun-2018","       2769.95","       2776.50","       2809.55","       2743.55","       2790.00","       2782.55","       2784.45","       6880","            19157034.45","       1454","       3277","         47.63"
"BAJAJHLDNG","EQ","04-Jun-2018","       2782.55","       2780.00","       2805.00","       2770.05","       2770.60","       2786.20","       2786.14","      24765","            68998741.65","       3336","      20337","         82.12"
"BAJAJHLDNG","EQ","05-Jun-2018","       2786.20","       2786.00","       2786.00","       2732.00","       2738.00","       2741.75","       2753.06","       3688","            10153289.80","        674","       2128","         57.70"
"BAJAJHLDNG","EQ","06-Jun-2018","       2741.75","       2759.95","       2790.05","       2728.80","       2762.65","       2762.80","       2754.38","       8238","            22690583.40","       1422","       3907","         47.43"
"BAJAJHLDNG","EQ","07-Jun-2018","       2762.80","       2787.30","       2810.00","       2751.20","       2788.00","       2772.05","       2787.88","       7173","            19997436.35","       1388","       3360","         46.84"
"BAJAJHLDNG","EQ","08-Jun-2018","       2772.05","       2796.00","       2915.95","       2760.95","       2876.00","       2872.15","       2872.10","      37221","           106902476.30","       5512","       7267","         19.52"
"BAJAJHLDNG","EQ","11-Jun-2018","       2872.15","       2875.55","       2928.00","       2865.10","       2881.00","       2878.35","       2902.77","      15263","            44304981.50","       2014","       7528","         49.32"
"BAJAJHLDNG","EQ","12-Jun-2018","       2878.35","       2887.05","       2985.80","       2887.05","       2935.00","       2949.40","       2953.01","      41600","           122845355.35","       4003","      18003","         43.28"
"BAJAJHLDNG","EQ","13-Jun-2018","       2949.40","       2945.00","       3005.00","       2911.00","       2937.00","       2933.10","       2971.13","      17899","            53180274.65","       2923","       6718","         37.53"
"BAJAJHLDNG","EQ","14-Jun-2018","       2933.10","       2942.95","       2973.55","       2910.95","       2929.60","       2935.10","       2937.58","       8802","            25856543.65","       1751","       4041","         45.91"
"BAJAJHLDNG","EQ","15-Jun-2018","       2935.10","       2963.95","       3020.00","       2931.90","       3005.00","       3000.85","       2997.79","     100459","           301155221.75","       6042","      89958","         89.55"
"BAJAJHLDNG","EQ","18-Jun-2018","       3000.85","       3019.65","       3156.25","       3018.95","       3104.00","       3109.55","       3116.78","      72721","           226655586.60","       8439","      16846","         23.17"
"BAJAJHLDNG","EQ","19-Jun-2018","       3109.55","       3110.00","       3150.00","       3070.00","       3112.55","       3106.70","       3137.51","      95717","           300312964.60","       4599","      77010","         80.46"
"BAJAJHLDNG","EQ","20-Jun-2018","       3106.70","       3109.90","       3145.00","       3100.00","       3120.00","       3126.50","       3121.85","      29896","            93330841.20","       3785","      19690","         65.86"
"BAJAJHLDNG","EQ","21-Jun-2018","       3126.50","       3127.00","       3242.00","       3127.00","       3201.00","       3213.40","       3201.93","      81188","           259958146.40","      12096","      27911","         34.38"
"BAJAJHLDNG","EQ","22-Jun-2018","       3213.40","       3213.00","       3231.90","       3145.00","       3153.20","       3168.60","       3188.11","      37577","           119799755.40","       5901","      17661","         47.00"
"BAJAJHLDNG","EQ","25-Jun-2018","       3168.60","       3166.85","       3248.00","       3101.15","       3107.10","       3130.30","       3187.42","      31627","           100808382.50","       4457","       9811","         31.02"
"BAJAJHLDNG","EQ","26-Jun-2018","       3130.30","       3124.95","       3165.00","       3065.25","       3075.00","       3079.15","       3111.59","      13290","            41353072.50","       2326","       5240","         39.43"
"BAJAJHLDNG","EQ","27-Jun-2018","       3079.15","       3093.95","       3093.95","       2933.00","       2958.05","       2973.10","       2978.40","      24516","            73018352.65","       4343","      12007","         48.98"
"BAJAJHLDNG","EQ","28-Jun-2018","       2973.10","       2974.95","       2974.95","       2860.00","       2860.00","       2883.30","       2913.00","      15116","            44032907.30","       2470","       7694","         50.90"
"BAJAJHLDNG","EQ","29-Jun-2018","       2883.30","       2900.00","       2965.40","       2875.00","       2883.00","       2882.40","       2904.82","      18584","            53983158.65","       2597","       9743","         52.43"
"BAJAJHLDNG","EQ","02-Jul-2018","       2882.40","       2899.90","       2934.30","       2869.05","       2883.00","       2884.35","       2895.16","      13147","            38062688.85","       1726","       5306","         40.36"
"BAJAJHLDNG","EQ","03-Jul-2018","       2884.35","       2899.95","       2934.05","       2851.00","       2910.55","       2895.90","       2876.76","      16455","            47337104.85","       3603","       9551","         58.04"
"BAJAJHLDNG","EQ","04-Jul-2018","       2895.90","       2914.15","       2980.00","       2885.55","       2940.00","       2959.50","       2934.25","      16920","            49647517.15","       2956","       8707","         51.46"
"BAJAJHLDNG","EQ","05-Jul-2018","       2959.50","       2936.00","       2944.90","       2916.00","       2930.00","       2926.80","       2927.96","      10390","            30421532.50","       1928","       5009","         48.21"
"BAJAJHLDNG","EQ","06-Jul-2018","       2926.80","       2939.95","       2955.55","       2925.00","       2945.00","       2946.15","       2942.94","      10368","            30512417.20","       1978","       5351","         51.61"
"BAJAJHLDNG","EQ","09-Jul-2018","       2946.15","       2951.05","       3040.00","       2951.05","       3035.00","       3011.95","       2992.37","      12925","            38676424.05","       1697","       6866","         53.12"
"BAJAJHLDNG","EQ","10-Jul-2018","       3011.95","       3063.90","       3063.90","       2990.50","       3016.00","       3029.20","       3026.99","      12722","            38509394.55","       2684","       6439","         50.61"
"BAJAJHLDNG","EQ","11-Jul-2018","       3029.20","       3000.00","       3046.25","       2998.10","       3002.70","       2999.50","       3007.16","       9747","            29310787.05","       1707","       6005","         61.61"
"BAJAJHLDNG","EQ","12-Jul-2018","       2999.50","       3000.05","       3017.00","       2979.55","       3000.00","       2995.60","       2997.28","      11901","            35670677.45","       2175","       7139","         59.99"
"BAJAJHLDNG","EQ","13-Jul-2018","       2995.60","       2995.60","       3029.65","       2982.10","       3003.00","       2998.75","       3006.02","      12099","            36369805.65","       2524","       6307","         52.13"
"BAJAJHLDNG","EQ","16-Jul-2018","       2998.75","       3000.00","       3023.65","       2930.10","       2935.10","       2942.20","       2980.95","      10207","            30426507.95","       1729","       5039","         49.37"
"BAJAJHLDNG","EQ","17-Jul-2018","       2942.20","       2936.00","       3043.00","       2926.45","       2970.00","       2975.45","       2976.50","      26399","            78576507.50","       2814","      17580","         66.59"
"BAJAJHLDNG","EQ","18-Jul-2018","       2975.45","       2994.95","       3000.00","       2963.00","       2989.90","       2985.15","       2985.68","      14750","            44038829.05","       1860","       9059","         61.42"
"BAJAJHLDNG","EQ","19-Jul-2018","       2985.15","       2990.00","       2992.45","       2916.20","       2952.00","       2950.75","       2947.15","       7385","            21764699.90","       1681","       2847","         38.55"
"BAJAJHLDNG","EQ","20-Jul-2018","       2950.75","       2968.90","       3126.85","       2915.10","       3015.00","       3020.00","       3039.18","      95199","           289326719.10","      12633","      39628","         41.63"
"BAJAJHLDNG","EQ","23-Jul-2018","       3020.00","       3035.00","       3120.00","       3010.00","       3024.00","       3047.40","       3080.79","      59064","           181963940.95","      11112","      36057","         61.05"
"BAJAJHLDNG","EQ","24-Jul-2018","       3047.40","       3040.00","       3047.00","       2969.15","       2988.00","       2983.80","       3012.09","      13738","            41380146.05","       2413","       8462","         61.60"
"BAJAJHLDNG","EQ","25-Jul-2018","       2983.80","       2983.95","       3040.00","       2950.00","       2984.00","       2960.20","       2980.00","      16303","            48582966.70","       3167","       7097","         43.53"
"BAJAJHLDNG","EQ","26-Jul-2018","       2960.20","       2968.00","       2980.00","       2948.95","       2970.00","       2970.30","       2969.89","      65122","           193405300.80","        911","      61665","         94.69"
"BAJAJHLDNG","EQ","27-Jul-2018","       2970.30","       2978.65","       3038.95","       2960.00","       2978.00","       2991.40","       2979.19","      33875","           100919895.65","       1608","      29810","         88.00"
"BAJAJHLDNG","EQ","30-Jul-2018","       2991.40","       2990.95","       2990.95","       2936.15","       2938.00","       2945.85","       2953.91","      10130","            29923093.20","       1543","       6937","         68.48"
"BAJAJHLDNG","EQ","31-Jul-2018","       2945.85","       2950.00","       2955.00","       2900.00","       2905.00","       2904.40","       2927.37","      10584","            30983299.00","       1755","       7405","         69.96"
"BAJAJHLDNG","EQ","01-Aug-2018","       2904.40","       2910.00","       2982.75","       2910.00","       2926.00","       2934.75","       2949.22","      10362","            30559772.65","       1804","       6115","         59.01"
"BAJAJHLDNG","EQ","02-Aug-2018","       2934.75","       2965.00","       2977.95","       2909.75","       2950.00","       2946.05","       2947.07","       3599","            10606521.80","        795","       1706","         47.40"
"BAJAJHLDNG","EQ","03-Aug-2018","       2946.05","       2920.15","       2994.95","       2920.15","       2980.00","       2980.20","       2972.68","       8579","            25502628.20","       1372","       6270","         73.09"
"BAJAJHLDNG","EQ","06-Aug-2018","       2980.20","       3000.00","       3000.00","       2962.00","       2975.00","       2980.00","       2978.19","      19633","            58470764.85","       1456","      16292","         82.98"
"BAJAJHLDNG","EQ","07-Aug-2018","       2980.00","       2998.50","       2998.50","       2945.05","       2987.00","       2979.35","       2976.83","      15429","            45929578.95","       1210","      11987","         77.69"
"BAJAJHLDNG","EQ","08-Aug-2018","       2979.35","       2999.50","       3019.70","       2972.00","       2987.30","       2981.05","       2989.90","      12292","            36751837.55","       1620","       8724","         70.97"
"BAJAJHLDNG","EQ","09-Aug-2018","       2981.05","       2987.30","       3024.95","       2954.00","       3000.00","       2972.30","       3000.24","      10329","            30989509.60","       1471","       6265","         60.65"
"BAJAJHLDNG","EQ","10-Aug-2018","       2972.30","       3048.00","       3048.00","       2975.65","       3000.00","       2996.60","       3010.63","      13902","            41853719.70","       1699","       6833","         49.15"
"BAJAJHLDNG","EQ","13-Aug-2018","       2996.60","       3004.00","       3018.00","       2955.25","       2988.00","       2986.70","       2983.25","      10183","            30378477.10","       1110","       6848","         67.25"
"BAJAJHLDNG","EQ","14-Aug-2018","       2986.70","       2999.90","       3020.00","       2987.00","       2995.40","       2994.95","       3002.37","       3425","            10283111.75","        887","       1705","         49.78"
"BAJAJHLDNG","EQ","16-Aug-2018","       2994.95","       3004.00","       3019.35","       2976.00","       2990.00","       2982.25","       2999.11","      16695","            50070093.25","       2075","      13400","         80.26"
"BAJAJHLDNG","EQ","17-Aug-2018","       2982.25","       3000.00","       3013.65","       2976.15","       2981.05","       2980.60","       2985.28","       7437","            22201558.15","       1907","       4890","         65.75"
"BAJAJHLDNG","EQ","20-Aug-2018","       2980.60","       2983.05","       3047.00","       2983.05","       3004.60","       3007.05","       3018.09","       9395","            28354935.60","       2761","       4917","         52.34"
"BAJAJHLDNG","EQ","21-Aug-2018","       3007.05","       3005.00","       3038.70","       2987.10","       3020.00","       3024.00","       3017.58","      10182","            30724974.85","       2202","       5693","         55.91"
"BAJAJHLDNG","EQ","23-Aug-2018","       3024.00","       3023.95","       3046.00","       3002.00","       3020.00","       3019.15","       3019.19","      41216","           124439081.55","       3533","      37029","         89.84"
"BAJAJHLDNG","EQ","24-Aug-2018","       3019.15","       3019.00","       3019.00","       2960.00","       2962.10","       2963.65","       2987.43","      21770","            65036249.10","       3399","      16993","         78.06"
"BAJAJHLDNG","EQ","27-Aug-2018","       2963.65","       2976.00","       3008.00","       2970.00","       2990.25","       2998.85","       2997.20","      39253","           117649205.45","       1893","      35718","         90.99"
"BAJAJHLDNG","EQ","28-Aug-2018","       2998.85","       2990.00","       3010.00","       2979.05","       3009.85","       3002.60","       2992.92","      15457","            46261519.85","       2000","      10212","         66.07"
"BAJAJHLDNG","EQ","29-Aug-2018","       3002.60","       2995.00","       3141.00","       2990.00","       3090.00","       3107.25","       3044.98","      45389","           138208726.70","       3879","      32791","         72.24"
"BAJAJHLDNG","EQ","30-Aug-2018","       3107.25","       3120.00","       3171.00","       3066.00","       3128.00","       3128.00","       3113.62","      17488","            54450930.70","       2276","       7675","         43.89"
"BAJAJHLDNG","EQ","31-Aug-2018","       3128.00","       3125.00","       3211.00","       3105.00","       3115.00","       3117.25","       3151.46","      29559","            93153973.40","       4038","      13819","         46.75"
"BAJAJHLDNG","EQ","03-Sep-2018","       3117.25","       3135.00","       3155.00","       3027.00","       3032.00","       3039.00","       3109.13","      14190","            44118524.75","       3013","       9415","         66.35"
"BAJAJHLDNG","EQ","04-Sep-2018","       3039.00","       3049.00","       3050.00","       2994.10","       3040.00","       3038.05","       3025.21","      15424","            46660896.05","       2543","      10421","         67.56"
"BAJAJHLDNG","EQ","05-Sep-2018","       3038.05","       3049.00","       3075.00","       2970.00","       3071.00","       3007.95","       3029.29","      14652","            44385221.35","       2096","       7504","         51.21"
"BAJAJHLDNG","EQ","06-Sep-2018","       3007.95","       3031.00","       3082.00","       3031.00","       3053.05","       3060.95","       3058.25","      13048","            39904038.75","       3302","       9540","         73.11"
"BAJAJHLDNG","EQ","07-Sep-2018","       3060.95","       3100.00","       3169.95","       3076.05","       3105.05","       3112.65","       3122.50","      18765","            58593752.10","       2497","       5583","         29.75"
"BAJAJHLDNG","EQ","10-Sep-2018","       3112.65","       3120.05","       3134.95","       3030.00","       3035.00","       3046.20","       3056.04","      15635","            47781150.35","       2843","      11232","         71.84"
"BAJAJHLDNG","EQ","11-Sep-2018","       3046.20","       3042.00","       3079.00","       3018.00","       3077.60","       3060.75","       3058.48","      40458","           123740096.95","       2430","      35991","         88.96"
"BAJAJHLDNG","EQ","12-Sep-2018","       3060.75","       3055.00","       3072.00","       3050.00","       3060.00","       3066.65","       3064.52","      22039","            67538892.90","       5073","      18735","         85.01"
"BAJAJHLDNG","EQ","14-Sep-2018","       3066.65","       3101.00","       3142.50","       3090.65","       3133.20","       3116.35","       3106.35","      13530","            42028892.25","       3510","      10596","         78.31"
"BAJAJHLDNG","EQ","17-Sep-2018","       3116.35","       3123.80","       3163.95","       3090.05","       3100.00","       3104.40","       3124.68","      19538","            61049960.75","       2463","      14188","         72.62"
"BAJAJHLDNG","EQ","18-Sep-2018","       3104.40","       3105.00","       3121.75","       3041.00","       3052.00","       3062.55","       3090.28","       5507","            17018191.05","       1270","       3329","         60.45"
"BAJAJHLDNG","EQ","19-Sep-2018","       3062.55","       3062.55","       3089.00","       3051.00","       3052.00","       3063.95","       3064.75","      13888","            42563260.20","       1880","      11583","         83.40"
"BAJAJHLDNG","EQ","21-Sep-2018","       3063.95","       3065.20","       3115.00","       2451.20","       3097.10","       3101.35","       3065.83","     120042","           368028877.35","      15486","     100674","         83.87"
"BAJAJHLDNG","EQ","24-Sep-2018","       3101.35","       3051.00","       3101.35","       3050.00","       3099.00","       3082.45","       3076.40","      47597","           146427479.25","       3791","      39645","         83.29"
"BAJAJHLDNG","EQ","25-Sep-2018","       3082.45","       3020.20","       3106.00","       3020.20","       3065.10","       3080.80","       3072.94","      54530","           167567620.20","       3270","      50402","         92.43"
"BAJAJHLDNG","EQ","26-Sep-2018","       3080.80","       3068.25","       3109.85","       3020.00","       3033.00","       3095.85","       3084.55","      35026","           108039437.30","       5825","      26291","         75.06"
"BAJAJHLDNG","EQ","27-Sep-2018","       3095.85","       3068.00","       3116.60","       3061.15","       3090.00","       3090.95","       3090.66","      36835","           113844565.80","       4289","      29502","         80.09"
"BAJAJHLDNG","EQ","28-Sep-2018","       3090.95","       3100.00","       3130.00","       3058.00","       3081.00","       3093.55","       3095.04","      89896","           278231559.15","       4193","      80246","         89.27"
"BAJAJHLDNG","EQ","01-Oct-2018","       3093.55","       3084.00","       3084.00","       2949.30","       2975.00","       2964.10","       2983.36","      10454","            31188064.40","       1618","       5935","         56.77"
"BAJAJHLDNG","EQ","03-Oct-2018","       2964.10","       2996.00","       3036.25","       2937.00","       2980.00","       3005.65","       2977.20","      11542","            34362798.85","       1853","       7789","         67.48"
"BAJAJHLDNG","EQ","04-Oct-2018","       3005.65","       3012.00","       3012.00","       2908.75","       2920.00","       2930.05","       2946.77","      20985","            61838018.15","       2542","      16512","         78.68"
"BAJAJHLDNG","EQ","05-Oct-2018","       2930.05","       2920.00","       2959.95","       2599.65","       2729.10","       2703.05","       2805.04","      17445","            48933969.70","       2584","      10480","         60.07"
"BAJAJHLDNG","EQ","08-Oct-2018","       2703.05","       2738.00","       2738.00","       2465.05","       2518.00","       2520.05","       2534.00","     112609","           285351480.25","       7738","      96465","         85.66"
"BAJAJHLDNG","EQ","09-Oct-2018","       2520.05","       2491.15","       2596.00","       2482.45","       2570.00","       2512.05","       2509.70","      33174","            83256839.25","       3525","      19495","         58.77"
"BAJAJHLDNG","EQ","10-Oct-2018","       2512.05","       2512.50","       2649.70","       2512.50","       2643.50","       2614.80","       2605.38","      12090","            31499067.00","       1852","       4939","         40.85"
"BAJAJHLDNG","EQ","11-Oct-2018","       2614.80","       2512.75","       2675.90","       2512.75","       2588.00","       2600.05","       2607.47","       7515","            19595134.10","       1282","       3586","         47.72"
"BAJAJHLDNG","EQ","12-Oct-2018","       2600.05","       2619.00","       2694.65","       2615.05","       2632.10","       2635.35","       2644.98","       5835","            15433474.60","       1045","       3518","         60.29"
"BAJAJHLDNG","EQ","15-Oct-2018","       2635.35","       2637.10","       2662.65","       2600.00","       2613.80","       2611.70","       2618.69","      15386","            40291232.25","        680","      14036","         91.23"
"BAJAJHLDNG","EQ","16-Oct-2018","       2611.70","       2611.70","       2651.00","       2605.15","       2625.00","       2625.70","       2632.58","      17831","            46941578.95","        801","      15799","         88.60"
"BAJAJHLDNG","EQ","17-Oct-2018","       2625.70","       2640.00","       2644.95","       2560.00","       2564.50","       2576.90","       2604.64","       5050","            13153431.55","       1258","       2620","         51.88"
"BAJAJHLDNG","EQ","19-Oct-2018","       2576.90","       2579.00","       2628.30","       2545.25","       2575.00","       2602.90","       2597.34","      17232","            44757448.30","       4083","      12638","         73.34"
"BAJAJHLDNG","EQ","22-Oct-2018","       2602.90","       2606.05","       2669.90","       2582.10","       2630.00","       2628.40","       2619.60","      64141","           168024046.35","       3905","      58814","         91.69"
"BAJAJHLDNG","EQ","23-Oct-2018","       2628.40","       2624.95","       2699.00","       2539.50","       2610.00","       2626.25","       2619.00","       7735","            20257933.40","       1634","       4723","         61.06"
"BAJAJHLDNG","EQ","24-Oct-2018","       2626.25","       2603.00","       2690.00","       2603.00","       2635.20","       2635.55","       2632.56","       6307","            16603548.70","       1660","       2967","         47.04"
"BAJAJHLDNG","EQ","25-Oct-2018","       2635.55","       2620.00","       2661.00","       2550.55","       2658.90","       2651.40","       2642.39","      47285","           124945372.10","       1104","      44928","         95.02"
"BAJAJHLDNG","EQ","26-Oct-2018","       2651.40","       2674.75","       2674.75","       2637.00","       2644.05","       2642.60","       2648.26","      15488","            41016174.10","       3178","      12152","         78.46"
"BAJAJHLDNG","EQ","29-Oct-2018","       2642.60","       2642.55","       2712.95","       2640.10","       2670.10","       2698.40","       2669.46","       7316","            19529770.85","        932","       6230","         85.16"
"BAJAJHLDNG","EQ","30-Oct-2018","       2698.40","       2675.15","       2749.00","       2660.00","       2740.00","       2734.40","       2717.52","       6168","            16761684.10","       1032","       4624","         74.97"
"BAJAJHLDNG","EQ","31-Oct-2018","       2734.40","       2749.80","       2818.00","       2714.00","       2810.00","       2809.50","       2804.92","      47145","           132237933.75","       1984","      43856","         93.02"
"BAJAJHLDNG","EQ","01-Nov-2018","       2809.50","       2814.85","       2845.60","       2752.15","       2790.00","       2813.10","       2800.75","      96107","           269171635.50","       1663","      91718","         95.43"
"BAJAJHLDNG","EQ","02-Nov-2018","       2813.10","       2825.00","       2854.95","       2810.00","       2810.00","       2815.05","       2834.26","       3935","            11152809.20","        768","       2868","         72.88"
"BAJAJHLDNG","EQ","05-Nov-2018","       2815.05","       2807.90","       2844.00","       2780.05","       2832.00","       2833.45","       2816.51","       4835","            13617819.95","       1033","       3209","         66.37"
"BAJAJHLDNG","EQ","06-Nov-2018","       2833.45","       2817.80","       2817.80","       2792.00","       2800.00","       2799.05","       2801.21","       2250","             6302722.30","        452","       1373","         61.02"
"BAJAJHLDNG","EQ","07-Nov-2018","       2799.05","       2799.00","       2838.70","       2790.00","       2811.00","       2820.35","       2815.00","        537","             1511656.25","        204","        355","         66.11"
"BAJAJHLDNG","EQ","09-Nov-2018","       2820.35","       2800.05","       2835.00","       2791.00","       2801.50","       2805.15","       2807.81","       1883","             5287101.20","        682","       1257","         66.76"
"BAJAJHLDNG","EQ","12-Nov-2018","       2805.15","       2792.00","       2833.00","       2792.00","       2797.00","       2799.15","       2813.68","       1848","             5199673.90","        505","       1180","         63.85"
"BAJAJHLDNG","EQ","13-Nov-2018","       2799.15","       2799.00","       2897.90","       2775.60","       2890.00","       2854.15","       2820.17","      33399","            94190916.95","       2227","      27313","         81.78"
"BAJAJHLDNG","EQ","14-Nov-2018","       2854.15","       2896.90","       2964.00","       2850.00","       2926.00","       2925.25","       2919.29","      18138","            52950068.25","       1991","      14579","         80.38"
"BAJAJHLDNG","EQ","15-Nov-2018","       2925.25","       2920.00","       2988.00","       2920.00","       2961.00","       2954.50","       2944.31","       8054","            23713455.10","       1088","       6406","         79.54"
"BAJAJHLDNG","EQ","16-Nov-2018","       2954.50","       2960.05","       3316.05","       2954.50","       3118.00","       3131.60","       3273.67","     379004","          1240733303.05","       9217","     336841","         88.88"
"BAJAJHLDNG","EQ","19-Nov-2018","       3131.60","       3122.00","       3188.00","       3059.00","       3080.00","       3080.25","       3112.07","      13716","            42685161.60","       2389","       6205","         45.24"
"BAJAJHLDNG","EQ","20-Nov-2018","       3080.25","       3051.00","       3076.95","       3000.00","       3024.80","       3025.65","       3020.84","      10365","            31311057.30","       1994","       6873","         66.31"
"BAJAJHLDNG","EQ","21-Nov-2018","       3025.65","       3024.80","       3062.00","       2978.00","       3010.00","       3006.95","       3031.58","      12621","            38261528.05","       2884","       7495","         59.39"
"BAJAJHLDNG","EQ","22-Nov-2018","       3006.95","       3026.90","       3056.00","       3000.00","       3049.00","       3026.10","       3038.38","       8040","            24428585.05","       2389","       5241","         65.19"
"BAJAJHLDNG","EQ","26-Nov-2018","       3026.10","       3015.15","       3044.95","       2955.15","       3002.00","       3002.90","       2998.53","       9604","            28797866.60","       2671","       6020","         62.68"
"BAJAJHLDNG","EQ","27-Nov-2018","       3002.90","       3003.00","       3020.95","       2981.00","       2990.05","       2995.35","       2992.91","       3793","            11352107.10","        955","       2919","         76.96"
"BAJAJHLDNG","EQ","28-Nov-2018","       2995.35","       3012.95","       3019.00","       2976.30","       3003.00","       2990.15","       2990.80","       4002","            11969167.05","       1249","       2622","         65.52"
"BAJAJHLDNG","EQ","29-Nov-2018","       2990.15","       3003.10","       3030.00","       2992.40","       3025.00","       3022.10","       3011.42","       6577","            19806100.30","       1414","       4500","         68.42"
"BAJAJHLDNG","EQ","30-Nov-2018","       3022.10","       3022.00","       3029.80","       2980.00","       3000.00","       3000.80","       3002.13","      15452","            46388978.75","       4168","      11600","         75.07"
"BAJAJHLDNG","EQ","03-Dec-2018","       3000.80","       3034.00","       3034.00","       2976.00","       2997.00","       2992.80","       2996.41","       8007","            23992274.80","       3570","       5925","         74.00"
"BAJAJHLDNG","EQ","04-Dec-2018","       2992.80","       2999.90","       2999.90","       2965.10","       2976.20","       2980.60","       2979.19","       3535","            10531421.00","       1860","       2261","         63.96"
"BAJAJHLDNG","EQ","05-Dec-2018","       2980.60","       2973.80","       3038.00","       2936.10","       2958.95","       2969.45","       2953.10","       7823","            23102126.25","       1951","       5183","         66.25"
"BAJAJHLDNG","EQ","06-Dec-2018","       2969.45","       2940.05","       3010.00","       2902.00","       2985.00","       2970.05","       2933.74","       6554","            19227740.35","       1459","       3650","         55.69"
"BAJAJHLDNG","EQ","07-Dec-2018","       2970.05","       2975.05","       2999.65","       2926.05","       2989.00","       2985.00","       2958.49","       2721","             8050047.80","        754","       1331","         48.92"
"BAJAJHLDNG","EQ","10-Dec-2018","       2985.00","       2969.95","       2969.95","       2922.25","       2947.30","       2939.80","       2944.32","       4575","            13470256.45","       1284","       2547","         55.67"
"BAJAJHLDNG","EQ","11-Dec-2018","       2939.80","       2939.75","       2962.00","       2910.10","       2930.00","       2930.40","       2935.46","       4380","            12857324.15","       1524","       2355","         53.77"
"BAJAJHLDNG","EQ","12-Dec-2018","       2930.40","       2934.55","       2982.50","       2901.00","       2966.00","       2976.45","       2948.67","       7284","            21478086.45","       1398","       3089","         42.41"
"BAJAJHLDNG","EQ","13-Dec-2018","       2976.45","       2965.60","       3001.00","       2965.60","       2999.00","       2998.80","       2994.60","      34210","           102445262.95","       1749","      30659","         89.62"
"BAJAJHLDNG","EQ","14-Dec-2018","       2998.80","       2997.05","       3015.00","       2950.00","       2966.10","       2958.40","       2983.59","       6481","            19336676.55","       2428","       4087","         63.06"
"BAJAJHLDNG","EQ","17-Dec-2018","       2958.40","       2996.95","       2996.95","       2952.40","       2952.40","       2959.75","       2960.14","      14350","            42478020.75","       1477","      12829","         89.40"
"BAJAJHLDNG","EQ","18-Dec-2018","       2959.75","       2949.95","       2949.95","       2911.00","       2923.95","       2919.90","       2922.38","      10883","            31804297.90","       1833","       9228","         84.79"
"BAJAJHLDNG","EQ","19-Dec-2018","       2919.90","       2931.15","       2979.00","       2917.75","       2940.00","       2932.00","       2947.00","      23798","            70132657.45","       2698","      19876","         83.52"
"BAJAJHLDNG","EQ","20-Dec-2018","       2932.00","       2921.30","       2977.20","       2921.00","       2974.00","       2969.20","       2954.98","       4159","            12289756.15","       1016","       2424","         58.28"
"BAJAJHLDNG","EQ","21-Dec-2018","       2969.20","       2950.05","       2990.00","       2915.00","       2979.95","       2940.30","       2940.90","      40029","           117721236.95","       5463","      32621","         81.49"
"BAJAJHLDNG","EQ","24-Dec-2018","       2940.30","       2956.40","       2965.00","       2920.00","       2932.00","       2937.85","       2939.88","      48668","           143078143.80","        725","      47328","         97.25"
"BAJAJHLDNG","EQ","26-Dec-2018","       2937.85","       2920.05","       2923.85","       2738.70","       2861.55","       2859.45","       2846.19","     116124","           330510434.60","       4724","      92047","         79.27"
"BAJAJHLDNG","EQ","27-Dec-2018","       2859.45","       2872.00","       2988.80","       2871.05","       2940.80","       2950.05","       2935.73","      59145","           173633770.55","       6368","      35180","         59.48"
"BAJAJHLDNG","EQ","28-Dec-2018","       2950.05","       2944.80","       2999.90","       2925.00","       2939.65","       2934.95","       2961.34","      10438","            30910504.00","       2205","       2734","         26.19"
"BAJAJHLDNG","EQ","31-Dec-2018","       2934.95","       2946.50","       3000.00","       2940.00","       2950.00","       2950.00","       2953.34","      29552","            87277178.80","       2513","      23634","         79.97"
"BAJAJHLDNG","EQ","01-Jan-2019","       2950.00","       2967.95","       2970.00","       2925.00","       2950.10","       2949.95","       2949.91","      56276","           166009373.10","        764","      52597","         93.46"
"BAJAJHLDNG","EQ","02-Jan-2019","       2949.95","       2930.15","       2968.00","       2925.00","       2958.00","       2950.10","       2945.77","      15693","            46227922.40","       1312","      12613","         80.37"
"BAJAJHLDNG","EQ","03-Jan-2019","       2950.10","       2968.30","       2985.00","       2939.95","       2984.00","       2977.25","       2957.22","      25184","            74474615.70","       2793","      17494","         69.46"
"BAJAJHLDNG","EQ","04-Jan-2019","       2977.25","       2960.05","       3000.00","       2948.00","       2955.80","       2951.65","       2957.26","      16159","            47786416.40","       1888","      10798","         66.82"
"BAJAJHLDNG","EQ","07-Jan-2019","       2951.65","       2926.05","       2987.85","       2926.05","       2969.60","       2953.80","       2960.22","       4452","            13178909.35","        938","       2600","         58.40"
"BAJAJHLDNG","EQ","08-Jan-2019","       2953.80","       2953.00","       2978.95","       2950.00","       2956.00","       2955.45","       2958.96","       6335","            18745001.20","       1865","       4066","         64.18"
"BAJAJHLDNG","EQ","09-Jan-2019","       2955.45","       2962.70","       2975.00","       2949.50","       2951.85","       2951.15","       2953.65","       5980","            17662840.45","       1978","       4164","         69.63"
"BAJAJHLDNG","EQ","10-Jan-2019","       2951.15","       2999.00","       3030.00","       2952.35","       2968.10","       2969.95","       3000.68","      14544","            43641958.15","       3439","       6521","         44.84"
"BAJAJHLDNG","EQ","11-Jan-2019","       2969.95","       2970.00","       3030.00","       2950.00","       3020.00","       3007.35","       2981.78","       8073","            24071911.40","       1808","       4829","         59.82"
"BAJAJHLDNG","EQ","14-Jan-2019","       3007.35","       3026.05","       3112.00","       2999.00","       3000.00","       3008.65","       3041.88","      25939","            78903400.45","       5711","      14328","         55.24"
"BAJAJHLDNG","EQ","15-Jan-2019","       3008.65","       3014.05","       3044.80","       2989.95","       2990.00","       2998.35","       3008.33","       7811","            23498077.60","       1845","       5651","         72.35"
"BAJAJHLDNG","EQ","16-Jan-2019","       2998.35","       3000.40","       3018.00","       2950.00","       2953.00","       2958.45","       2975.71","       5828","            17342459.20","       1231","       3730","         64.00"
"BAJAJHLDNG","EQ","17-Jan-2019","       2958.45","       2962.05","       2995.00","       2920.00","       2953.70","       2950.05","       2950.26","      61769","           182234594.75","       2720","      56051","         90.74"
"BAJAJHLDNG","EQ","18-Jan-2019","       2950.05","       2976.95","       2988.00","       2952.10","       2954.75","       2960.40","       2968.32","       5107","            15159187.30","       1140","       2205","         43.18"
"BAJAJHLDNG","EQ","21-Jan-2019","       2960.40","       2955.65","       2999.85","       2951.00","       2959.95","       2961.40","       2977.38","      11792","            35109227.70","       1412","       2759","         23.40"
"BAJAJHLDNG","EQ","22-Jan-2019","       2961.40","       2971.85","       2989.00","       2929.75","       2980.00","       2956.95","       2965.99","      28214","            83682317.60","       2209","       9202","         32.62"
"BAJAJHLDNG","EQ","23-Jan-2019","       2956.95","       2961.20","       2981.00","       2950.00","       2961.15","       2966.65","       2968.01","      17908","            53151210.45","       1696","       3840","         21.44"
"BAJAJHLDNG","EQ","24-Jan-2019","       2966.65","       2971.95","       2977.00","       2931.65","       2938.00","       2939.80","       2950.04","      39805","           117426503.70","       1923","      34291","         86.15"
"BAJAJHLDNG","EQ","25-Jan-2019","       2939.80","       2968.95","       2968.95","       2860.00","       2860.00","       2861.80","       2897.84","      11730","            33991685.35","       2254","       6132","         52.28"
"BAJAJHLDNG","EQ","28-Jan-2019","       2861.80","       2860.00","       2909.95","       2821.00","       2873.00","       2853.50","       2865.98","      28941","            82944430.95","       3058","      23540","         81.34"
"BAJAJHLDNG","EQ","29-Jan-2019","       2853.50","       2855.00","       2855.00","       2825.00","       2849.00","       2844.90","       2842.82","      52299","           148676581.50","       3924","      47828","         91.45"
"BAJAJHLDNG","EQ","30-Jan-2019","       2844.90","       2847.80","       2894.60","       2841.30","       2850.00","       2852.65","       2855.13","      10198","            29116605.10","       1959","       6077","         59.59"
"BAJAJHLDNG","EQ","31-Jan-2019","       2852.65","       2836.05","       2879.70","       2815.00","       2848.80","       2847.05","       2852.81","      28439","            81130995.00","       1902","      24545","         86.31"
"BAJAJHLDNG","EQ","01-Feb-2019","       2847.05","       2850.00","       2925.95","       2850.00","       2865.00","       2865.90","       2867.65","      16406","            47046621.25","       2889","      11983","         73.04"
"BAJAJHLDNG","EQ","04-Feb-2019","       2865.90","       2856.50","       3050.00","       2856.50","       2977.00","       2993.50","       2988.65","     583619","          1744231063.45","       6505","     504949","         86.52"
"BAJAJHLDNG","EQ","05-Feb-2019","       2993.50","       2988.00","       3085.25","       2904.05","       2928.00","       2928.60","       2966.48","      13382","            39697451.45","       2275","       4116","         30.76"
"BAJAJHLDNG","EQ","06-Feb-2019","       2928.60","       2924.10","       3005.00","       2924.10","       2991.55","       2994.25","       2984.77","      86499","           258179686.30","       3660","      76392","         88.32"
"BAJAJHLDNG","EQ","07-Feb-2019","       2994.25","       2986.70","       3179.95","       2986.65","       3130.00","       3116.85","       3101.27","     550055","          1705866406.25","       6842","     511803","         93.05"
"BAJAJHLDNG","EQ","08-Feb-2019","       3116.85","       3120.00","       3178.85","       3099.65","       3159.75","       3131.50","       3147.89","      16906","            53218197.35","       3744","       7694","         45.51"
